Date,BIRD,BLNK,BROS,CMCSA,CVX,DIS,DLR,ET,HD,IBM,INTC,LI,NIO,NVDA,ORCL,PLD,PYPL,TSLA,VZ,WKHS
2021-11-04,-10.176527133338787,-2.141985178710626,2.8474481261945517,-0.4154886072392783,0.4424387138735497,0.11758992596957452,-1.4763383835272093,-4.648768065625397,0.8699871112714197,-0.5670609613602551,-0.1587577244024696,3.2299742557212463,3.9036118840596767,12.042257860100358,-0.5408260678196442,0.14900184882997713,-0.9375829569966854,1.3222323020621207,-2.058934984629879,0.0
2021-11-05,0.3082848607091737,-1.688552269882082,-2.4817038448712414,2.218854530247838,1.0836011843809779,3.1418875627605924,-0.44185606123526844,0.7584035966438973,-1.0156372867119012,2.28382471748354,1.2124762055326421,-3.0037519148085945,-1.9248563008281705,-0.16443097073769453,-0.7110742703189565,-0.7979933149021234,-1.0691448726470765,-0.6358244214659803,0.7521759225130209,-9.27977311532584
2021-11-08,-5.647334544471594,24.268444755595176,-0.2647841957739816,-0.7606675988965583,0.3573328130929365,0.706024141605166,0.37949207773728677,0.5376364484882101,0.05157503923836071,0.7523665565760895,1.2372370203647343,1.129033488612019,2.151808530886057,3.535903441689947,0.20010789627493697,0.940762737640366,1.6121885947951498,-4.840071195115225,0.17228206297126292,5.1908345931297895
2021-11-09,-11.441366152466903,-10.417199197888372,-4.749264123550279,0.4860690098610787,0.7381662725641114,-0.9950780547428817,0.6984469786893266,0.10694411550331573,0.5588859109201927,-2.9629054233820784,-0.6789495233774367,-4.370018572769063,-5.925929000184638,-0.4772111348934627,-0.5780986496597085,0.2566283549857662,-10.461163016105669,-11.990296011128176,-0.17198576235187835,-3.6284470949854764
2021-11-10,-5.195398440306209,-6.1999947684151735,-3.5305087168606253,0.7813919422238413,-1.5948262707940475,-0.37690803484033975,-1.9344533275230558,-2.9914502483068484,-0.5584803340902944,-0.5213051397372381,-0.8593797555658256,-1.1340899192106124,-2.682087029916458,-3.9077570212726176,-0.803461820762863,0.21556573310697047,-0.3797092718574424,4.342936118404972,0.6891209496317607,0.0
2021-11-11,3.0067842223609587,8.163254160843337,5.939006112761591,-0.9414774575819962,0.008762274285389893,-7.073658099032121,-0.2855119328165734,0.9911911161245568,-0.2577409854202295,0.041586609429078436,-0.4531118003184731,3.3738192327670724,6.700383254105624,3.1603237293622577,0.22380803620869472,0.09410458131871025,-1.275410778995334,-0.41574433346600603,-0.2851667595683227,6.927711557175686
2021-11-12,-0.42372953652415335,12.672487222482376,-5.969694888953003,-0.2981734026594962,0.06131717990427443,-1.5298227858872138,1.724480501626613,-0.43620459673097134,1.360063088863983,-1.089213931286226,-0.43537979679507677,-0.7832890858321839,1.1137379087884147,0.0,-0.5316886379543195,-0.06715875431885232,3.1035016137927363,-2.8293072508968398,-0.2097247068665209,0.985917923966495
2021-11-15,-0.5200884396544203,17.09572716704322,0.8056719125616896,-0.22429706894349088,2.267352063185779,-0.7517460191222791,3.121794649038101,1.7524627098201018,-0.4159671229466144,-0.07565260472700563,0.01987342727147734,-1.8092080393491083,-4.921487143745528,-1.2010509936790759,0.5131448822333518,0.9340766161232805,2.035520966037363,-1.9382272885288598,0.1146377017884781,0.13946655422976129
2021-11-16,9.458173405541825,-4.674490283961674,-3.2289009165944127,-0.4870778026000666,0.39376740769931917,0.25248322525144307,0.31638323528551116,-0.5382151877306396,5.726528179622448,-0.3449176854007918,0.576313428629005,9.748736693048565,0.246483793131147,0.5928388940205975,1.6911338269042675,-0.48601580717115844,1.4726663130165463,4.0793737083203885,-0.6488552341357701,-1.3927563652283204
2021-11-17,6.990875618759862,3.2915387947282104,-6.078626114179542,1.148344545589608,-1.58594869518357,-0.9444059577582431,1.484134436238671,-2.813855360630302,0.6423214175564462,-0.3376680136504717,-0.7508418564166397,-1.770445806085974,-2.4588149619430677,-3.1188999323931044,-0.29285511715242407,0.6088202680654797,-4.358507894603347,3.250123721868614,-0.6338874805024375,-4.237284140261243
2021-11-18,8.603899723000952,-8.584441377581175,-5.082658034868725,-1.768101193063798,-0.8404100122088809,-1.112311688573675,0.11577749113376168,-1.113579430879419,2.7858680080952603,-1.1858325643193002,-1.094961660507432,-3.729026574143468,-3.1761995958940137,8.249894349789177,-0.7028198427318721,0.13299437541449688,-2.7973065171605693,0.6767610078050268,-0.9472218598599813,-6.342187195713023
2021-11-19,-8.81913523978387,2.157940957131732,1.8899396603541119,-1.648349662762827,-2.2193039352211397,-1.015555863516715,0.7790619327582515,-2.0270304375678894,0.6997650105162956,-0.5228875288898038,-0.3220608825065585,-1.2265951142075848,0.6508721712917165,4.135755675932318,-0.7289271230848771,-0.23907597687206072,-3.4364086731413668,3.7103972646131522,-0.741610178898422,-1.2598413371264994
2021-11-22,-10.53278579919511,-11.304555570077612,-6.74668628101297,-0.7705673801862822,1.7871503302230307,0.10389848188920858,-1.449455929902832,1.379309059654088,0.024469916787350776,0.36191138121555166,0.626012460471248,1.9281050497802488,7.320232390647896,-3.1196023509220683,0.6810677677286492,0.4526645388467365,-2.1331567944800067,1.7422066999642327,1.3370041231131724,-2.5518317049255557
2021-11-23,-13.421897917617386,1.674952643242844,1.7160707665042185,1.0289314914859515,2.098147057160915,-2.030361188673102,1.1827478987604723,1.473924251008829,-0.10274552189506458,0.2747485974674557,-1.46498761811934,1.7633832242483605,1.325618738998502,-0.657155501176454,-1.7651391588328513,1.1133253827185552,-0.7546932172393994,-4.1352931636425065,0.4074487402839555,-1.1456656322708425
2021-11-24,7.354504365355963,0.07722675720083227,3.680985408856041,-0.30745550460659077,0.765261707905851,0.20525561881699073,0.6662262124942808,1.00558831850166,0.9158337485842383,-0.05137217066822908,1.3441952503521426,2.7725241559937164,-1.4747924193147077,2.9232026173635184,0.6886156367942098,1.2649053956089507,0.3509724282895643,0.6284744794100794,-0.1739133383340863,-0.16555880973233572
2021-11-26,-2.661413953481373,-1.8004134354654422,0.3513288096818723,-1.5034745141389805,-2.2868847592317,-2.1342644414551026,-0.8723976586605064,-2.2123872799678757,-2.2833645092350308,-0.7881485238432462,-1.9694525226948034,-0.6744249331989471,-3.4524301151482306,-3.583886822876625,-1.3357554771763036,-2.9965631924338654,-0.48752763234720664,-3.0537595031082,0.2710015293495127,-3.9801034760320486
2021-11-29,-4.7088623046875,0.576221107764896,-2.5796969118665802,0.8414879021837018,0.2969140961905925,-0.2025542168128558,2.445981375126638,-2.6018155196899206,1.023092871193998,2.322772211479629,2.5010275753039046,6.419746661727976,1.175287287519522,5.945469021650207,0.660674318481802,2.268477305657113,-0.29287385517434705,5.090019969335757,-0.2702690959660803,1.727114081026082
2021-11-30,2.2316688794073336,0.07812181798132478,-0.05674064668608203,-3.007955120859207,-1.7239841130561318,-1.9687461674950724,-0.6220675601241399,-2.2067315674740073,-1.526478998292513,-1.181435886817639,-1.5999984741210893,2.784220119541203,-3.287192403491268,-2.097315374875375,-2.3671234343077496,-1.6505733294920888,-1.2550769251079896,0.6833850427872656,-2.6906685903098526,-0.8488915964532717
2021-12-01,-16.52806831083954,-6.9997361575526496,-9.046174802220875,-1.800715725139379,-0.6822045306313695,-1.8978606734549541,-2.921192914515036,-3.0878886760803304,-0.04742066617771101,-0.15371503631194106,-1.2195168282808644,-0.9593684135519531,-2.0955780026604365,-3.7978954863573056,-1.0910269859779387,0.6301803968439046,-3.0125978061642744,-4.346763456194869,-0.9946289943245423,-9.075345821240944
2021-12-02,0.06226792786041546,1.6508117651918397,0.43695189028720716,4.930721431664842,2.7118652603988602,3.55258759661663,1.756325641531653,1.960782480441492,1.835566490051077,-0.017102842438909693,1.8518550496624986,-3.3903096251880482,-5.507701735094727,2.1981878568292146,0.2674070905510195,1.7930133654723512,4.366487983746659,-0.949773919092467,1.928870957691342,-0.7532949582686688
2021-12-03,-11.698818606987427,-9.413712665214291,-3.89476082512209,0.5436869500910158,-0.634007062192754,-0.665757980880699,-0.2534690263612416,-1.0817326428975593,0.009811547195681669,1.6595336070908795,-0.5050505050505083,-15.953995493234963,-11.18784296050851,-4.460566722978754,-1.9446605639987014,0.15542384147775312,-1.7205457257370549,-6.419878890850617,1.3601392330676365,-4.93358165058223
2021-12-06,3.7350296146463347,-1.4281410601102884,-0.40956807331060663,1.1008105605675,1.564542635117161,2.8381848323338454,-0.07865735949459385,-0.6075241779048834,1.93472810761679,0.900376436546213,3.5329983319122737,7.052632382041524,0.5909754827104541,-2.137294404305168,0.7932962313954572,1.2220350089849896,0.5056314748022928,-0.587205642485289,-0.6806660571459733,2.9940042251006327
2021-12-07,9.035318925983926,3.3908826614828858,8.91774645854493,-5.291302242225926,1.4802076298412015,0.29261319125757357,1.374510660826167,2.200480987605502,0.11546318370347919,1.3927096305085263,3.0986428012310885,1.4093749654211063,2.411870054473253,7.956851311716395,1.2480330333730638,1.7566272413874096,3.332253403532892,4.235834116680648,-0.5482646974154015,3.875974651483771
2021-12-08,-7.040493548170124,2.1168725852477976,2.7225734105592148,-1.290849497195523,0.44945623094188036,1.6776068034308533,0.41213860288660253,1.913885259057757,-1.1845818546164177,1.1844010448467612,-1.559824423786238,2.1008390669378985,5.827295795344245,-1.8533874399932482,-1.2326491646130977,0.0878841098345351,3.3137900164769585,1.636316704302354,-0.5906659414310678,2.798509172220509
2021-12-09,2.144770061581025,-2.890515849538089,-2.5923779999783014,-2.3089441870177585,-0.2617117489071785,-0.26085424940468505,-1.0647750161405845,0.5868454738753748,0.02188360799773026,0.44708426822153147,-2.4541071647607215,-1.5827793529119005,-2.8530671091788196,-4.1978305345303335,-0.19114660858239318,-1.1791299887262574,-2.8376011808067814,-6.095642075067486,-0.6535983760828978,-7.259529559921729
2021-12-10,-8.398948505215609,-2.6458126813801996,-0.0993033536758614,1.3386307702680122,0.1692880897879112,-0.15038297624402341,0.46897471437479243,-1.050176847056894,0.9870174538677112,0.42081139787215616,0.21790929348073362,4.406558138182337,0.6167374131512249,-0.9576854603505214,15.613384177630385,0.9647145823899139,-1.6897029951311926,1.3179957825059097,0.05980617900345209,-2.3483436254572054
2021-12-13,-7.163323762660523,-5.0957426542634465,-3.6978143907825944,-1.5273512214943885,-2.0787554171023737,-1.4930351239902717,2.585273433654778,-2.948113366690941,-2.4458362569550696,-1.21685434071922,-1.1662386851321482,-3.388781593180268,-1.7513091170935025,-6.745488076589234,-1.6954086625112774,1.2572290526649876,-1.1299080611591683,-4.9772430207729474,0.1793188982874394,1.2024132739239413
2021-12-14,17.592590480402404,-2.473154052076265,2.5805120467339737,2.2007949218390888,0.29341040329988743,-0.8841232713027614,-2.4384510094683343,0.24301894138669677,-0.7501673330871261,0.9626368800370155,-0.5999984741210884,-0.9566362837064246,-4.040405872004548,0.6249813064788112,-0.9911785172461829,-1.458906181277786,0.22534507884006683,-0.817454661938255,0.7358845576074025,-1.3861419607429926
2021-12-15,-3.3464582450214664,0.5338667036298927,-2.1130997506129123,-1.189495562597842,-0.5678916324015737,0.8718898321615098,1.8715555615975932,1.3333291718454099,1.3948247591486274,-0.5252113079017295,1.951705012304883,-1.9961331054258458,-4.674917514551058,7.488443231940489,3.7641427161927865,2.41290363141502,2.0663814492990484,1.8236617552929157,-0.1974378791820275,1.4056259315918584
2021-12-16,-5.838422833696022,-5.774974509072949,-2.939967769572205,1.3698626883180243,0.9345810435026136,-1.0970704544177146,0.9508777498421939,1.5550253562161886,-2.0303569870444904,2.290634132762004,0.31577593821079386,-1.4783204830629781,-2.338425460520299,-6.802587566834539,-0.41485798248485084,0.4244601696413941,-1.0017851806476963,-5.027716248650771,4.352128182282011,-1.5841662875575313
2021-12-17,4.181686578886912,-0.6340271540879794,1.7581060096391266,-0.18427549612348715,-2.606310812272805,0.006718996192223159,-0.2616502079530014,-1.648991677534506,-2.8908937572292404,1.167316141618957,-0.4131475341431545,-0.1667196980398078,-0.23278914377996562,-2.0643200945360096,-6.3941081147723455,-1.2679983609303225,-1.350994994308774,0.6095482369819827,0.7962050596119763,6.639847373725694
2021-12-20,-2.9065749608152003,-5.848988557530532,0.33305546287030197,-0.7179455879407048,0.04401677150480676,-1.5393878533839112,-0.22735187414745228,-1.1976093042061042,0.36599383214261927,-0.26687909200384663,-2.0150147753582592,-5.644624261563369,-6.133333841959631,-0.29495604309717205,-5.154215706239739,0.13029328912406157,-1.8904427122194756,-3.4989335520704046,-0.15045706058374186,-8.867929247444827
2021-12-21,2.9935857753933037,4.819279790599551,1.950204588859128,0.9504113015920135,1.6014075410371031,3.1269214124969302,-0.7420327542868588,-0.8484811493844724,0.2747836006651738,1.5032297330468403,2.3588750395890257,6.088493144617679,7.102272765757123,4.891950445240223,-0.14185645382343015,-0.3717740292364824,3.536242047771676,4.288066621194697,-0.5839166931626116,4.554871024925444
2021-12-22,20.48442960012402,-0.25143568405372463,-0.02034660491939677,0.3479291175229715,0.5715735911818065,0.5494881259752615,0.9006349984227446,0.3667448881659485,1.3240488159325103,0.6047908598233454,0.3939349244360013,1.4347691525777861,-1.0278496933380565,1.1177987962166736,-1.8030832557763055,0.9142367573131249,1.3429170425765635,7.49469528140827,-0.0189433909898562,0.5940540958044194
2021-12-23,1.9529015253749726,2.700756167219742,7.571742978080431,2.039567662445574,0.24111462612057544,1.1522254040946756,-0.9334379962266492,0.12180546693509875,0.36143782803463864,0.6782311235549177,0.6670593377380296,0.06579098031131991,2.2445563408095115,0.8163244545865256,-0.15579722757347314,-0.3143069913110641,0.17216289840582544,5.761892529677248,-0.17055173736434392,1.9685020892601601
2021-12-27,7.323939363721399,0.03506391557266397,1.551560489118553,0.8794772179533394,2.044495471648755,-0.5402602386739508,2.1730183702128647,0.9732350499663811,1.767947436014694,0.7578582235093112,1.2278254464165972,-1.7094032099260414,-1.8348668574431959,4.402840276408537,-0.20062450147877442,2.559505032240139,0.0,2.524830497305519,0.0,-5.79150046022151
2021-12-28,-11.968498008447604,-3.9607467259689666,-6.0182590878217646,0.07924925671225491,-0.1936218159448888,1.5706766024549346,0.7838620232573756,-0.3614425576119795,0.5271115103357982,0.7673680315257059,-0.34655431254327906,-0.2006671127353421,-1.101468403839445,-2.0132527841556724,-0.993968483971841,-0.060284588512615755,-0.9947338461344102,-0.5000247724837092,0.07593188173047327,-2.8688594270410817
2021-12-29,-6.618965891784978,-4.124084585761811,3.5686024995343235,0.15838810871744435,-0.5145079478009351,-0.21263004996369128,0.22875094080303526,-1.4510378789730827,1.137313550121677,0.5428645059157633,0.13524635199295698,-1.40750695089229,-4.657439081516657,-1.058634470732589,-0.4963366427893412,1.1399960589820068,-0.06838762684820976,-0.20947103349137075,-0.6828539491956387,-7.172989286253206
2021-12-30,1.8518516263009488,4.644078005693153,-0.1914285712199315,0.0,-0.4408619385506074,0.6844434635590035,0.4735831661927259,0.12270220061236792,-0.21906189867263448,0.4199456565146642,-0.1736448956364267,8.599594425848188,14.761055465293138,-1.3832953164811368,-0.22672820577932518,0.1729535768066448,1.0054238299921803,-1.4592268793630292,-0.21008519684740934,3.1818150784359123
2021-12-31,-5.454544802274608,-3.564931067281951,-2.359032521355431,-0.5139322410535718,-0.06812725099785144,-0.6669616718928628,0.4429546229305137,0.8578394133967882,1.2367681353427917,-0.18669254959533532,-0.46386097928303727,0.46947639311367695,-2.282535180641576,-0.5914960071131348,-0.9089910604927476,0.23218395357156307,-1.7198264372430216,-1.2668812673032437,-0.5550256756504224,-3.964753961477019
2022-01-03,7.559677688435107,1.3579804120837036,2.966015175916281,0.8146231521873881,1.6276128563653902,1.2073052647403326,-1.006388210797149,5.832327127690395,-1.5349015607563077,1.7806296265261423,3.320386571791567,0.7476688158109646,5.650255360745371,2.414064961116047,0.7911964782133518,-2.0551239613469385,3.372574264820183,13.531671306766135,0.9237866641528925,3.2110060137256813
2022-01-04,-3.8840887018281256,0.893188550882873,-2.8615033429906345,-1.083963408679245,1.8195523478747866,-0.6570546155843071,-3.4268091412950508,2.4110222414149396,1.0277950124552682,1.45546242579091,-0.13155364786436863,-6.215214036481664,-5.646851592667391,-2.7588718151247305,1.0693911213812246,-2.365066125431503,-1.9493192798640702,-4.183272120805026,1.9641545022267337,-0.22222730848524552
2022-01-05,-12.957026542609483,-7.414238965801967,-8.778471262263299,0.05977803310432961,0.650581333724709,-0.34674969559337354,-3.672595416389257,-1.2331799970448976,-1.3564591980405605,0.14490431970091144,1.373728924766482,-3.824595615990911,-5.383156323769711,-5.756225914269253,-2.6789704542152126,-2.080749132618398,-2.082241153211284,-5.347121367683638,1.0286127258354982,-8.68596628877939
2022-01-06,12.232865768193468,-3.386455651599296,0.3875141059618503,0.5774533926345748,0.8509253028473829,1.1018695973819215,-1.2770148383475233,3.064693430526555,-0.3634172734112484,-2.083638299361501,0.25988378025672,-2.708265044432989,-1.907629554329593,2.0794051792100587,-0.13879568338277526,-0.6850533549495497,2.7302845214605354,-2.152340187700552,-0.4813071714683814,0.0
2022-01-07,-8.470124757886943,-2.268038090971325,-0.3431264073496143,-0.9107089680431724,1.4359862180678418,0.5927393057668873,0.16168812307313374,1.7621128717675738,-2.9943868596317813,-0.37682467905694184,-1.055359586258242,2.818890655624573,-0.034118829969465025,-3.3039951731583916,1.3551144868723775,-1.8138924850394256,-2.4288750534002035,-3.5446597130802893,0.8928634150297876,0.2439080271815719
2022-01-10,1.9368756520166786,0.632909762453826,2.883581057430451,0.939063392342887,0.063986108802494,-0.779316804960617,-1.130008750166267,-1.298700092333016,-1.5624588108432702,0.14833267486920043,3.3121266902111035,-5.62028571794615,-1.3310559720258963,0.561529259163307,2.0226221001697464,-0.4618431502050324,-2.478682837945967,3.034201464995956,-0.6821584349782972,-2.6764021883460276
2022-01-11,0.07037458729761692,1.0482180125843454,5.019865388505074,1.2272346125631994,2.2859888069690637,0.8237504698946907,-0.1318806246061066,2.3026320261197997,-0.2038863482077269,-1.5996472499713588,1.267887655401756,8.242550744198374,3.8395040339335162,1.5219027108519523,-0.8960522326404763,-0.019604482067236972,4.684344065139978,0.5935082340240205,-0.51976756051344,0.9999990463256836
2022-01-12,-2.67229330031733,-1.0788391069144865,-8.404695245873617,-0.3715264547841213,-0.500116733252709,-0.05699939086611927,-0.05030612567992199,3.215436154212714,0.706023320647331,0.541883982209912,-0.304056822409704,3.1533061083464986,5.529646309458358,0.6542677926402174,-0.19214036153912817,0.16340936729437594,-2.2556428716830057,3.9289689336566624,-0.2612416295014297,-0.7425676548133309
2022-01-13,-2.7456655364982985,-3.8590606980095865,-0.2391837493736504,0.6476899144571835,-0.4162402981821134,-1.495564362934454,-0.836742281591718,-1.9730065607444502,-0.6214645475314473,0.8758127112946656,-1.435240451503006,0.06504213906886047,-3.787881159658324,-5.085892614394871,-0.5888310015198295,-0.05873896727555117,-3.306625289698961,-6.749101813983738,0.13096294448091683,-1.995016397965177
2022-01-14,3.417533706116549,2.006976801664284,-1.5475215401931308,0.7800341953993817,1.703472878646295,-2.2516726357614036,-1.103914660751859,1.5889891829687919,-3.871003814421148,-0.40812393543163683,1.383331188983683,1.1699665181905905,1.5419987787461675,1.3810022305679626,-0.113906450709933,-0.26770383262139097,-1.4308581937406806,1.7497698371938375,-0.4484336255867527,-0.7633580376634641
2022-01-18,-2.658045140310017,6.287430596532695,-2.8780148101805847,-2.9024767630463355,0.3256809453160203,0.21719219807301293,-0.006421455806682186,1.1470245560690984,-1.4193545105636751,-0.9462813567758466,-1.6876165682778388,-2.1201409097495683,-4.329564198888325,-3.856437580953642,-2.4404143346653084,0.45173966073221994,-2.2194773543985913,-1.8197212157371023,0.28153440186862166,-6.153846247896877
2022-01-19,2.0664186644266502,-6.0764595802896615,-5.242761096556359,0.2989269130463379,-0.3632719144885166,-1.4185352344539326,-0.6030682433136203,-1.1340171014454836,-1.9169935525458315,-1.0230183431439221,-2.081810490487468,-3.9711162183792115,-3.309697498764508,-3.22742564558115,-2.5365350332331227,0.10428447484025494,-0.5216116170406182,-3.3827895916790696,0.13101196785401115,-3.8251393885527674
2022-01-20,-2.819959114057935,-5.484150292533673,1.0344005492723518,-0.2185587251135157,-0.3568433021481576,-1.658787211404722,0.3033636112580673,-0.6256560861524929,-2.8107580973945945,-0.5775911964279734,-2.946658052650364,-0.3075876687760659,1.7464198905223105,-3.6581953308847726,-0.7915519962286788,0.3580982257124665,-0.1555772213846729,0.06227038637922622,-0.18691303574036588,-5.1136382878565705
2022-01-21,-7.961307501720194,-4.8957386666007245,-1.6428538731166342,-0.9757102081964786,-1.1989048833946914,-6.936723054519833,-0.28957333714050293,-3.777541099311321,-0.13730204450670414,-1.1236822644872135,0.0,-4.353789696407251,-6.110534948776259,-3.2132482429962472,-0.6044487338267346,0.8368971657200186,-5.620963505181987,-5.256606551487697,-0.44944133260087504,-7.185629212701139
2022-01-24,3.2336344050540866,-2.0019069850235827,10.167022049429653,0.6836922495829123,0.21274654107272806,0.058233970163956705,-0.6711799332788648,0.10905374916723165,4.2136898303909875,-0.40974004970106837,-0.19216427182752183,-2.2580615389979353,-9.067639881703936,-0.00855834345461215,0.24324610225354704,-1.3639549746423119,-0.8377125922895967,-1.4726161727446785,-0.37622416010820725,0.806454714081517
2022-01-25,-3.523889951514214,-3.501942276541248,7.470889148045035,-0.7988846181683829,4.253810363054922,-0.6911189878004098,-0.8056691986612741,1.1982533008765506,-1.3276123813743546,5.651295113634269,-1.809777919835387,-6.747341847088418,-4.342580970091136,-4.483996094815501,-1.6379501384528705,0.42398354029391516,-2.4480491247013902,-1.247309202788982,-0.11328844341188526,-2.0800018310546897
2022-01-26,1.217537142209557,-0.2520122816330961,-0.12267710790881958,-2.436076362147266,0.07542507449866953,-2.1317035531596806,-3.2357388489253958,4.305700970643356,-0.4735673728351375,-1.351955557797846,1.3529384837431158,-1.3370041231131613,-4.749899220801213,2.0068068524018434,-1.8255869773095346,-1.4549268611861566,-0.7711765134244986,2.0698985436762296,-3.553877152906182,3.5947756722663815
2022-01-27,-6.415398344858869,-6.013140368901837,-1.7604847953268443,-0.9286024998783837,2.019739713973312,1.3622694478168773,-1.6719700075390143,-0.9287843427338349,-0.2379103522222925,-1.2959856290522986,-7.041980047118046,-6.536466240233485,-6.840243810670477,-3.636043709341108,0.23872653618379758,-2.0498290174856604,0.7198400519603743,-11.55417593811906,0.3331990737358792,-9.14826356067685
2022-01-28,0.9425848839598183,1.5591344205972302,-0.9793732116371578,3.5617641302915004,-3.516284759200361,2.370408179936989,2.49209039850693,-1.041670598917377,2.836466087840428,1.4941108238030187,-0.665972320302155,2.217477754784758,-0.9947938690172853,4.0831167314038685,0.8774186366851344,4.34695288832212,3.421670761637574,2.0805693532687908,3.3405019438264016,0.6944437545759019
2022-01-31,4.923598784834304,10.693491387144327,9.743268147125605,0.543041937117339,0.5512604068130367,3.1306327526709143,0.2350825048683003,0.7368388928865155,0.12004213214076298,-0.6914443686105942,2.283679369456837,8.844392573896641,17.27273050833398,7.206658123347931,0.8449307614463386,1.1285225493935291,5.14921596682183,10.677615374729976,0.6238147577292352,16.551724251328693
2022-02-01,1.4563131891232706,-0.09565020521100642,12.003831521321718,-0.100026105378892,2.634578090944606,1.0631630828025873,-0.9984522395185214,2.403349041223435,0.46869071045050337,1.4673888954131575,0.2662864992377667,4.59946629329715,1.3463889050363775,0.6207646282251345,-0.14785946422776197,-2.1043252758783493,2.2449694983963875,-0.5839494058207273,-0.05635690316523334,3.550292351955475
2022-02-02,-3.030303952128288,-3.015793102793407,-3.629513674752549,0.10012625777500173,0.4599824963715138,-1.2942143434723774,1.0085218485009095,1.632651472429325,1.3642524037868586,1.26909262613073,1.1440195094291505,0.7695092613689614,-4.347825753107082,2.451494912911323,1.8015783168542798,2.481759674675321,-24.590440828838656,-2.74792234689597,1.127816664504766,-9.428569248744424
2022-02-03,-5.838816176449823,-4.195460868050738,-2.7358338789838954,-0.7001445830499442,-0.8935873873000766,-1.8160120786447131,-1.4943347794571737,2.8112422881404475,-2.3867533153661302,0.3861557590505438,-2.484345756282058,-2.436363913796169,-2.65151962140735,-5.12637767818439,-0.6787849195075801,-0.5656895565310793,-6.238216652002948,-1.603246132837155,-0.01858424103158285,-5.047321198103727
2022-02-04,-6.113535553936944,2.9366290536072093,5.461190280304651,-0.624491463346788,1.251868832171632,1.4211279800841359,-1.2516981890412393,0.0,-1.408948264920784,-0.4572542374758459,-0.5592387419020683,6.9698130620609255,3.5884131163909094,1.5491927426322993,0.20746663885795602,-1.8857050001306996,1.4320182909051793,3.611103995647258,-0.8923583083594422,5.647843084138393
2022-02-07,5.209306228992561,-0.6005952684387972,-2.4073487425340434,-0.9527695180567508,1.9649676722105047,0.34501494130008137,0.6131161251001993,-3.027338602259877,-0.645037739484744,0.06563004060184952,0.3540970414204869,-0.2439080150243189,0.12521155171891785,1.6818110517828888,-1.6684968169508374,-0.9381734248946838,-3.7039959558400337,-1.7307087837357682,-0.5815069692463593,-0.9433953069178047
2022-02-08,-1.06101533847216,7.603223476714205,3.8154420303423864,0.7163292463138848,-1.522916321815837,-0.021050298542701906,-1.6912024437464757,0.4028193416286019,1.1445351246771374,-0.16030400167397207,1.3075987217201268,1.29235365029432,2.917885659099473,1.5367207499662694,0.061930955017097666,-0.5656038099906002,-0.9472049182037923,1.615708853420439,-0.33962321731279,4.444440071334843
2022-02-09,4.021454690028148,8.329427746343177,0.23931519598023865,1.1379828971948003,0.9894391824760485,3.333801335229758,2.3262266996072922,0.1002936302879398,0.8106442717989548,0.5619537218381376,2.2536333603199177,3.8965488302296514,5.71081335323238,6.36051690514956,3.2924817459726086,2.764728228244584,2.2285051202143524,1.0845986984815648,1.2873917249234923,6.686931038331045
2022-02-10,-1.5463943287513549,2.3758149178064514,-4.416780660889808,-1.7078607213188546,-1.2700486866023541,3.348507829677372,-4.567105593999676,0.20040539760575182,-2.546861405619383,-3.0989108220688233,-2.103785294070659,-2.5223974201858734,-2.873563176391669,-3.299006913051694,-1.9173139995600663,-4.466758485878675,-3.1885519119036476,-2.9452802797243827,-0.8598113728460866,-3.1339001536950795
2022-02-11,1.0471194167507747,0.0,-7.600353933129888,-2.6573983763674702,2.0361690746593775,-1.7678774820351184,-2.795815733561813,3.0000019073486373,-1.3517665500216602,-0.6216310698739846,-2.517395675135825,-4.1879517005048434,-4.930966395226255,-7.260682098149751,-2.565667090128365,-1.4282794730161141,-3.1339235697721346,-4.92509959584072,0.5279011584913285,-5.000002103693291
2022-02-14,-3.5405859249858507,0.33755240983432966,-0.9847501973639927,-0.4619853232683657,-1.5416752591938532,0.9232654522928874,-0.11005495918505748,-1.9417456850636006,0.3625535935059432,-1.9142425941573893,-0.10497425139470717,1.2082450602787231,-1.2863048175747682,1.327818532231828,-1.0031386228938066,-0.6629767185353574,-1.0148305660978907,1.832559275072665,-0.09377201302834814,-1.2383889045456176
2022-02-15,-1.3428792972760784,6.896548958341442,4.368178104113274,1.3713031440025558,-1.7633743282342351,2.5654590391808396,0.28646936344711715,0.6930662592116832,0.4835624698023011,-0.16134572794920254,1.8074753311442482,5.969103898398331,8.406893329266897,9.18119842015852,1.0386316992029743,0.19265087818354232,1.1741993565021591,5.329083583371919,0.1689509138623979,9.090907732011534
2022-02-16,-0.8166982654205346,0.07868000670199216,0.26158331175449856,0.08324852479184575,0.02979930475108805,1.053519176546125,-1.4136033787718105,-0.393313289606223,-0.8973598313144926,-0.5848928361900763,-0.43352413382783395,-1.2922444854367776,-0.6979460984330887,0.06037861376140263,-0.7270831466313799,-0.8515247053655806,-4.2612144534539205,0.10407532065077607,0.07496423363906324,0.8620681386593221
2022-02-17,-10.61299007341111,-4.913521909429885,-6.783450242264555,-2.744852756572891,-0.5137769365056055,-2.174614021455412,2.3476881575251074,0.8884516443350199,-0.6141260587204322,-3.259011993942784,-1.3684425744896145,-0.5370988581519187,-3.4752099796410474,-7.559118529907016,-4.621800163243406,-0.7618825781370853,-4.83083401760227,-5.094276342202986,0.33707921354375614,-5.413107058025446
2022-02-18,-6.857728197561485,-2.645726675764226,1.2794869727936975,-0.2779582357127275,-0.14220675139456906,-1.039553036688634,-1.8583025992112034,-1.6634057911171451,-0.3075263886620605,-0.49612126152345226,-5.318475500373287,-3.644954283819535,-6.108415335052575,-3.5296074169654634,-1.2710169468926225,-0.5094889264087188,-1.473379721793977,-2.210303606642594,0.46659199599934364,-5.120477147399205
2022-02-22,-5.824183125582549,-4.203820820342974,-4.9348598648440545,0.6432230724409793,-0.7645062857588591,-2.160415076159361,0.5917182469050486,-2.8855717049675267,-8.85057287214519,-0.3457984000420189,-0.7770920996977515,-3.0122547319951343,-6.204216645886618,-1.0659014854826898,-0.603455746391024,-0.1262770471530339,-0.4631001928289913,-4.136613687578161,0.13003844035508472,-3.809527629987697
2022-02-23,0.23337757848171936,-1.5070929106233866,-6.582222132452209,-3.8559812772637314,2.379161103086025,-1.4990892535629796,-2.772061965044803,0.20491294692979167,-2.441724671168932,-1.492897435003926,-0.08949899767097813,-0.3250276303794042,-6.0174613952469596,-4.288156922199748,-2.2261217818897006,-1.1308566872017756,-2.3747184178778524,-6.997924509069431,-0.9090939973935508,-6.600661702052157
2022-02-24,-0.232834195673981,8.865892356347338,8.2907299468308,1.9499163141826203,-0.5164123441405599,2.4199622248982644,1.5957049675016544,-0.8179951522529372,1.5529187348933382,-0.08191895991733755,4.636057388765047,-0.8695643760907257,3.7145662897835052,6.079421497832804,3.2289172050160575,1.8258080594724335,4.269256721851011,4.807345500262783,-1.5352924492920583,6.713783121649075
2022-02-25,-8.284709295131165,-1.3641997371659498,-3.0172438092601284,2.303850058596768,4.100851708565623,0.08701799740540306,2.6499908111056403,0.9278366428618456,1.0886233458115901,1.81192019542058,2.119002221538535,1.937129998075915,-1.3195041864146662,1.7222552089701804,2.0585496134004844,3.572172644791083,5.637027221073221,1.1364031324829549,2.90929601608223,0.6622510282393357
2022-02-28,0.254452679221151,3.017599727311504,2.0317440941220344,-0.6585965058442556,2.5787113486777757,-0.715570169306945,-2.160983219314727,3.5750805192391377,-0.2589633159717719,-1.3448205547119119,-0.020956448805420358,9.178922299443215,9.073541404356899,0.9438252722478113,-0.49770433662388314,-1.7514253271645797,0.8923723111439408,7.477743085151678,-0.8314870137115515,2.9605313722777638
2022-03-01,-3.4263956472755708,-1.0984558934163058,-1.4312355109154518,-0.7912723378229458,3.9722230699327232,-1.85909311653506,-0.5929462367439853,2.7613384959653597,1.3994913768971884,-0.9468644534178172,-1.8448659413836999,-0.098524420012569,-4.246932166699602,-3.7236012318163203,0.05265356704566848,-0.06171518197661818,-4.842310510290138,-0.6962073468958496,-0.11178975338305142,19.488813827241145
2022-03-02,-3.4165601093329334,2.0567668078334878,-6.9444427720357975,-0.021552752025766342,2.952176150753405,1.125600153739903,0.8872669883163153,0.6717820951217757,2.223261551034339,2.0683989845832196,4.378469138023444,-1.0848123697515089,-0.4572490975415566,3.1647964137524243,2.98644465105784,1.289794836486724,0.09388646335128925,1.7955296480584026,0.9886192375728742,1.3368971173472577
2022-03-03,-8.163264114526037,-3.184195990262606,3.776567441982448,1.5955106656482032,1.3494237960885558,-1.2012956818682197,1.4263601872689158,-1.143945549831893,-0.9194519383328048,1.6712414699045386,-1.9234676637074566,-7.27816724144904,-8.681677800898036,-2.089181512118299,-0.0383224064444021,1.3140087032147862,-4.9432550814085925,-4.614217225469441,0.9604737045177947,-1.319259968853348
2022-03-04,-6.222223352502898,-6.61948427263237,7.583350596037097,0.19100202595079274,1.5554939551871039,-3.3317344641698887,1.4573010200729097,0.5785961454083832,-0.030822416590359225,0.5479253869086875,0.2920913598102315,-2.401433998045477,-6.287726623585021,-3.2807619125078236,-2.2492040079622577,0.8423549213878667,-1.4110841991875844,-0.11914833087253163,0.8232725287150799,-1.604276540816718
2022-03-07,-5.529224468420724,0.13374399861221242,-8.628718682798986,-1.9275574349913671,2.1367787709215547,-5.1307569343887245,-2.240742784321237,-0.8628969314912527,-0.45951418832994584,-0.43437295832207123,-0.8113155650600667,-5.61879840256222,-2.7375112426586745,-6.906172085690043,-2.8369698386057296,-1.2794966339418012,-6.305677930974863,-4.021276863744205,-0.7802582116012813,-1.3586943317733136
2022-03-08,-4.180601993354738,8.281392191317781,5.253821546925264,-0.3671666776383864,5.239450657204281,-1.310861423220977,-1.9321111654163947,0.7736936414457718,-1.8682030500182134,-0.3093514639426531,-0.37751741615706935,-5.680937542720521,-0.7726340536030163,0.7587088257643204,-1.332074633792657,-1.2893681564214887,1.378058868834886,2.4633979098694914,-2.6152163445405496,5.509636445175148
2022-03-09,1.3961592223343589,4.646386029173022,7.013483283824495,-0.021682497287822677,-2.4980909736293966,1.4421206045422297,1.4682683155470277,-2.3032607424272156,0.14523646739896812,0.4296633626799107,0.27368645918997014,13.985146128951719,12.180203502859644,6.972204165917528,3.7774397571245233,2.3743044451667306,5.605900536654329,4.193346102049533,-0.3192453876907253,-0.5221927238881263
2022-03-10,3.0981037884917795,-1.2573736447145434,4.251131251784512,-1.5828264508732426,2.7365146658093975,-0.0074781199344342575,-0.11812747561044112,1.2770148383475233,0.23328821119086296,-1.4815423296599572,-2.036534114949806,-5.9355752423516766,-11.898857756332005,-1.5468834483510774,0.7227372704151191,0.3987281502864981,-1.6663322177253526,-2.4063685128871803,0.2825879917243812,1.0498677809387624
2022-03-11,-10.350582792148344,-7.759645526113634,-7.872384156209433,-0.8151551814498337,0.04682506078681481,-1.4142467811136705,0.28826920615157015,-2.0368577070802862,-0.3617015435785853,-0.3136303935939333,-1.778821301053768,-14.697959709369679,-9.566689471843691,-2.462707117115881,1.5264163674547193,-2.151178157671929,-2.0091357642005425,-5.123465684415396,-0.3569389974505399,-11.428567005221058
2022-03-14,-3.9106153188513404,-8.58498595737216,-1.0655747251913206,-0.11106005453610512,-2.4458705822500537,-2.064517055562143,-2.2774148766903535,-2.772283921485974,0.49558911717317855,-0.016131528891649705,-3.1202274668180485,-20.61344014026798,-12.258863414844889,-3.484161515041717,-0.9637625326923249,0.9064441055896211,0.31065864420198874,-3.64367653967681,-1.0181012560451563,-10.850443245297681
2022-03-15,2.3255884873024435,3.8697483443017155,2.340515941768828,1.2675109614224356,-5.062381465696742,4.00681873816684,1.93076222135935,-0.7128278716863168,3.197645326600207,1.3716289452599284,0.9234230480220429,12.21590665869481,5.886524122345715,7.702762513226258,4.580250153463972,1.789902930696119,3.705993843400912,4.634839536719926,0.4952348981584809,6.25000196067913
2022-03-16,12.68938584911734,8.405271977426555,4.3918275457275335,1.5151484691203088,-0.36011629379936183,2.935918428467499,0.6807350864100226,0.9230784880809306,0.7213718437775629,1.1142960304680205,4.061592588812157,31.898730314230626,25.586065751786613,6.629526517900164,-0.7940439227848484,1.7979524843065864,7.42584028713742,4.781200054863066,-0.5117449803940022,14.551084391171209
2022-03-17,10.420174491952029,2.766135081848109,11.012012967899443,0.5407743942796195,1.7310225168476912,0.9627927008332815,1.5800645114698364,0.6097506606908221,1.6469679457070896,0.7241799136612492,1.093712866933494,-3.6468287271167577,0.37333170572917407,1.1022194947095887,0.8003994459433672,1.3521357565227765,3.9288413316376003,3.7335010469022656,-0.24766824911069962,13.243243330320876
2022-03-18,-4.109588643408479,4.445351273404108,2.2354219900715178,0.925129753465348,0.8040346961500022,0.595111367168677,0.5570859974392883,-1.1111076860180313,1.302177748115474,0.62519180063072,0.6576185348001751,12.310757392932592,10.839537452747017,6.81175598309518,1.3399526693557595,2.234137570652006,5.8933601686302906,3.8767829289789058,-2.979376155665292,4.5346075089674365
2022-03-21,-2.3809538226368665,-4.060917183683999,0.6149651600980244,-0.5116215716211236,1.799297433366509,-1.1974396992354586,-1.3022611309068788,1.1235920031242408,-3.3368537427516998,-0.5125725625013677,-0.12645178572447957,-6.598086467236531,-2.87632005711439,1.0622604512005474,-0.8814902277338721,-0.7742291863205186,-3.468885437093272,1.7417862181987154,0.5905496881222216,-2.73972334300725
2022-03-22,0.6504058737032858,6.5527091182289166,0.7979582238200056,1.1784938361617314,-0.3340640511399262,1.0748849701692986,0.9039259071071282,3.0303050736824266,0.10930439155896199,0.7494078136907945,2.110149847814591,3.7979491184869207,7.453110621041548,-0.7855188644730227,1.0375543191505132,-0.15731185683391935,2.8085487813764187,7.90525092787473,-0.1956917360217414,3.5211176166918934
2022-03-23,-0.16155458464287564,0.8785314727091764,-4.160346050940122,-1.4824242796345866,1.078678963960833,-1.7629014416838396,-1.2787200519252973,-1.0784280268057334,-3.8455775242991597,-0.5888691470731677,-0.24798291671488393,-0.18294634906741436,0.4593494688424071,-3.3554494888271003,-1.7237207940166144,-0.9075455083027095,-2.7318241670241217,0.5161074653025954,-0.05882113587623028,0.6802768899403677
2022-03-24,0.0,1.855356963079191,1.5289963243482196,0.6018890295392154,0.2652854454281206,0.9590288652079337,0.7317965932420956,1.5857269077550251,-0.40056428404632305,0.7404496692482221,6.9401252172192285,2.1260993735604528,0.5029661581246847,9.815090903311518,2.3012793732640757,-0.8522523527970338,1.2211090337952646,1.482319041519986,0.058855755500131224,1.1261196678678864
2022-03-25,-2.4271783607896613,-2.416355493486755,-4.9333603362216145,0.7051321291333679,1.8099786239325066,0.1295284017594156,0.4213598668888041,3.1219482421875,-1.6150503905347335,1.6247629427587063,0.4068246871663739,-5.240491600272312,-9.417651218993651,-1.6269934537355701,-0.6201295234476323,0.9237298396588933,-1.9732881131472424,-0.3234937980317265,0.5490172143076011,-3.5634711707850264
2022-03-28,0.33167463069041503,2.8190467471168157,1.693372789844072,0.8487114409429841,-1.7482673780405356,-0.3018529328645103,1.9243317256208536,2.9328328152033567,1.1587505434482503,0.09135524294756614,-0.6174097978320914,0.30303001841676114,6.529378438089339,1.9030726412438081,2.288015466022686,1.9195348867432793,2.118491550157331,8.034507836118209,-0.21450977568270302,2.3094666603822533
2022-03-29,2.4793324595259847,1.2967780082912883,12.390335134653686,0.5259836028207454,-1.2203178267595982,2.6384109212097773,2.7113402943909737,1.5625006847959977,1.091381153463078,0.35749693187734355,1.4366175549989313,0.4531753825825824,3.158887813363642,1.5486002620149097,0.8253617870816576,2.7128099028062236,4.312647168113459,0.7079774244151515,0.15634519038001393,11.963887818187914
2022-03-30,4.193552207748419,-2.450622064939989,-1.3541537081719568,-0.18836365610559458,0.7059325411491457,-0.9973297655903712,-0.3800725770439106,4.343887185077122,-2.911460214907302,0.1440066984162991,-1.569377406362138,1.9924765853239768,1.325415569701427,-3.371023082220037,-1.1033340788639934,-0.34001066725565243,-2.2198402662418126,-0.5074671305376532,0.7024402153201326,1.4112937726413533
2022-03-31,-6.965941278759146,-0.7874052914156215,-10.739660703860954,-1.8242796329155708,-1.6013983350879224,-2.695802263596214,-1.6370703041067247,-2.9488305330625963,-2.959866801442912,-1.596912534910555,-3.636008012421832,-4.8654616131839195,-5.051875667023564,-1.4590135911784041,-0.7557548570120032,-1.6205700450838023,-2.3968236889967964,-1.4981868933669262,-1.2982018518096883,-0.5964256174353699
2022-04-01,2.3294486048903718,1.6250956918139714,2.8225101508423833,1.879540952266412,0.8536506626651175,-0.11665475199573727,2.8913898141666783,2.9490696135403116,0.855252794912964,0.09997663417318225,-2.9257480281687176,5.5404894799116144,4.180527791022004,-2.10363942773778,-0.8703024193009168,2.675258507875977,0.8819685513260955,0.64866280556235,2.316451387882612,-5.000000000000004
2022-04-04,9.105689985295573,8.925256899793045,1.442899293337918,0.8595384504284098,0.09133716683071835,1.153286008069121,0.4455169173856355,-0.6076444940708248,1.222290153626071,0.09220928283102392,2.2656415272490404,5.212922497156303,8.755130185022386,2.425880168006622,2.511885751657217,-1.2183378982389748,4.448446492551428,5.611335829161201,0.6523410582418343,12.421055843955585
2022-04-05,-11.177347179376762,-4.848071122937958,-7.181271630126962,-0.49886026901266867,-0.614464036526774,-2.1359551701231605,-0.09553011718396176,-2.2707443948728145,-0.23561792405958348,-1.059342010863995,-2.1747960939671573,-3.0006999823107727,-5.786167907936079,-5.222956223003628,-1.344114734768509,1.52643791588305,-3.4547834099674435,-4.730886875573215,0.6099879916294793,-5.617980939372746
2022-04-06,-3.8590606980095865,-5.920349753115728,-2.541575104305349,-0.2924574739340269,0.8876083146575953,-2.248921916221347,1.8168182470975403,-0.8936499691270305,-2.0730752182358314,0.3879276921155528,-1.225846955109977,-1.0071898812270663,-3.5157945363585075,-5.877131764243437,-0.9886661088580495,2.3033448756144326,-4.38589340857285,-4.169492109380258,0.7957597448966292,-11.904760102656232
2022-04-07,-2.094238833501527,-0.9916103573252677,-0.21093117379291648,-1.2151645127173705,1.3894839990563845,-0.5280321100980756,-0.6037493198185473,-0.450858341270588,1.4101933860046323,-0.6491972655174316,0.0420707980195667,-4.10610846409506,-6.0885593922666565,-0.8153420876988671,-0.7062856936872475,-0.7524535739840466,0.4889350717420138,1.0996786923012536,-0.9962454631454731,-4.054050135560294
2022-04-08,-1.0695176711511767,-3.5053924480159315,-2.8247524881663044,0.5726333707926079,1.6935885511054405,0.0,1.2215681858414928,1.7210106978243989,2.7613494142237904,-0.6378838392513075,-1.135409798012743,-2.0083319119164833,-1.7681758328068398,-4.498512602147309,-0.7358332933337541,-0.10662082131021045,-1.6188975727470245,-3.004939110322813,1.6328092657095006,-7.276999167661757
2022-04-11,-0.18018429798489777,-0.43911659222803934,3.4407785030002414,0.4006799846961506,-2.5716443862416005,-0.925154520267446,-3.0070640320786546,-1.6028438008789059,-1.4110714337563168,-1.0647463983470828,-0.9570411709027393,-2.358857679637427,-1.4999961853027322,-5.199188609164596,-1.4578703602461607,-1.7313953599889076,-1.2588809795920364,-4.832811439462892,0.6912063422746195,-1.5189858748160034
2022-04-12,-1.624551501942384,-2.0850058004352023,-2.1984352813763985,-0.7561449395850017,2.0838348629602876,0.14542858804631464,0.0343734456164313,2.805424982728133,-0.14019062143646455,-0.30861706193876515,-0.15031070492361742,-1.2673255240563064,-1.2182825846296375,-1.8843842301941915,-0.5391177202344388,-0.24135274651304606,-1.420633451668507,1.1291813566499442,-0.4267223569987544,-3.5989743220745662
2022-04-13,0.7339442798699913,2.4979549895404407,1.876464205113204,1.3968250738880528,1.5738735865125308,1.1540888167907326,1.120113782412746,1.76057014950608,1.3483968681945457,0.12700113387165146,1.0967705839423747,4.412356069010359,4.933201628911088,3.2505606916863883,0.5294316894631557,-0.19960190370765796,-2.8452672804200385,3.5888325114814768,0.8757243091822575,1.8666648864746005
2022-04-14,-3.460830388060343,-3.47583226275171,1.6692301696303424,-0.6887873458744087,-0.046602103983217624,-1.420479634388594,-1.447495557167211,-0.25952150135390983,-1.9006585138996002,0.3329619240348469,-2.8504577758601934,-1.2293568718076409,-3.7708151561545944,-4.256180246001673,-0.3761793752449005,-1.3939412434895826,-2.719407302600929,-3.6552319899513463,-0.57258507958724,-6.544502732170865
2022-04-18,-3.3962320509053345,-4.718540549869033,1.3776175110652433,-1.5132433648482824,1.3404062595984367,-2.0694447400743,0.013783625074448302,0.7805737612510688,-1.4153414271928955,-0.3081537588272121,2.1239353176998987,-0.194473896697811,-2.4427458094384957,2.469658460240476,-1.54813816838828,0.1843903241456335,-1.6909351664760597,1.958373403791236,-0.8173925811617022,-4.2016767438032065
2022-04-19,5.664061881543581,2.953954351232202,3.4065487244482107,2.6675202384096153,-1.1846555672116343,3.2323686013355557,3.661068024808367,0.8605884892822102,2.5282290909449445,2.3618893324772516,2.765868208423816,-1.2470759810097598,3.651542828135357,1.9051525784327117,1.7131121413687111,4.02453837950536,3.0622407784682615,2.37581245544094,0.674284724605867,1.4619868772186129
2022-04-20,-0.3696854249650383,-3.7552796132766297,-2.250225053407484,-1.475782738443554,0.40737760622875374,-5.557236194728532,1.543060838875121,1.4505125633162086,2.3846741866688337,7.100281735269975,0.3755483080110533,-7.300711800827642,-8.656271505066949,-3.2255106501166697,0.9175507533116356,1.8341593861352035,-8.450705987609853,-4.955503671370076,1.2279066928597482,-6.051874248285804
2022-04-21,-1.4842286769520152,-5.217004184878526,-4.106813210992311,-0.9704702201724036,-4.607892543030701,-2.336032784654296,-1.526168768585623,-2.0185089811814994,-1.5167954162239594,1.1061297703018447,-1.2679289183386788,-4.342275298860587,-5.509641989077774,-6.046925356239652,-1.0088398920881092,-1.0945731219613508,-5.795574195539044,3.2316840662454993,1.1027356658771081,-0.6134963492337775
2022-04-22,-3.389827312208993,-1.9426459759047665,-1.6900347095694435,-3.3233864598072427,-2.2056172332157287,-2.786459737793656,-0.38579343167677305,-3.17596478690495,-3.3026164724132334,-1.14408726041193,-2.02105070415296,-0.6230502622455947,0.17493112135753552,-3.309719998992977,-4.114247778495683,-1.2003765466745753,-3.7695779519718475,-0.3697576672395231,-5.635336427392012,-0.6172833601124972
2022-04-25,8.187135807495348,3.67923939257786,3.106075786761764,0.7271882075588598,-2.1497306745465683,1.4204788643445543,1.2019251587750635,-1.5070929106233866,1.6094156561254236,0.6148326246044222,1.1173193973663675,-0.08956765710705916,0.7566889316494185,1.983095309769456,1.0103717119947175,-0.592662849120662,2.0341741541685776,-0.6994645387893739,-3.1400521535476233,3.1055870727966672
2022-04-26,-6.66667296721749,-5.277524438447223,-11.159529226739595,-2.4939825256651282,-0.6095667536876515,-3.4847856702984625,-1.2866171678897698,1.4401512694040663,-1.6331117421319763,-2.0920226703252665,-3.2724200394974368,-5.199461565128772,-5.488150692667282,-5.597426967390495,-3.2086270628626234,-1.2520067359554465,-4.647985745947592,-12.184127997573324,-1.730308180204243,-7.530120633340298
2022-04-27,-2.12354556607246,-2.20940966001556,0.2345929020759252,-0.2692370040529801,-0.18526371200047187,-0.48371562134557067,-0.9157109227982407,-0.17746634384467885,0.5467444643140418,-0.8297267512706541,-0.6590492839271933,4.869979693725801,2.4449853521226528,-1.9853155681226808,0.3355254232081606,1.2316568411479212,-1.3022656841488844,0.580774851637611,-1.922689265074362,-1.6286629773138106
2022-04-28,0.19723376146161264,-3.6345763700121325,2.4255306162732637,-6.1867265529786835,3.5522194046591737,0.06944000667514771,2.199132748268995,1.3333299424913125,3.3687014113064295,0.5034858187934699,3.5824831670793422,-0.2705115649993095,1.0143202504316884,7.423303763680078,1.8459031754751498,3.184825190079632,11.475603023238756,-0.4537668268864592,-0.12380841875205828,2.9801296270770328
2022-04-29,0.0,-2.650358998577851,-0.7685893987865899,-4.65228394703151,-3.1645931946684525,-3.174606325826168,-3.5511583384901013,-2.807014960808163,-3.6438335621303275,-2.600558889379634,-6.938514067917733,1.4014441870750183,-1.3585324163639445,-6.243052090921464,-3.598631318274015,-7.352177113791269,-4.517315884617101,-0.7692219946075496,-4.338847567381821,-3.2154311255848778
2022-05-02,9.448819415007147,1.7277482571477432,3.0981777853338777,1.7354186884674938,1.9659168105264024,1.6751794254162844,-3.3123436214249624,1.805052442619881,2.1870863707416532,0.6277789351163854,3.1429202273206114,4.012481526014944,4.790414374326857,5.316223942123388,0.8174365962506869,-4.466896689264344,4.09416406417229,3.6956213325004317,-0.15118724833192987,4.651166290622744
2022-05-03,-1.7985594543473482,0.9264040264983064,-3.7969521459589095,-0.1977795538831928,1.7151834073014571,0.044055552209520954,0.6936549660295332,4.078014619117432,-0.6547902914395443,-0.39085165357271023,0.2224250241430692,-1.714529017738342,0.17143249511719638,0.3532495955245185,-0.9594582222603454,-0.5028434976216523,-0.8958808104012506,0.6988279998153324,2.0333087519289084,1.2698400203813742
2022-05-04,9.89010912234891,1.478832224133786,3.756856773257322,3.096358764113649,3.1386489459753975,2.3249663748974747,1.687058377580719,2.896083127908855,3.393889819491358,3.6824550759824826,3.2845084268319225,2.8783246342265922,3.4226950976572246,3.7343086959916283,2.619727309265918,-0.052508421327257526,2.2158550948266242,4.769864736561735,2.5439915402190483,3.7617518309275955
2022-05-05,-9.333332379659021,-7.5879409941082105,-6.956871805452924,-2.9793318010385095,-0.7936045468806885,-3.081161679861444,-2.2812131675772784,-1.6556275705983503,-5.137804805577351,-1.0771439543542316,-4.168462404905105,-8.139042237705606,-15.168224895876959,-7.327625732679277,-3.204355886253951,-4.793802935563384,-7.862382247143007,-8.328605973733783,-1.095717988423417,-8.157099262659917
2022-05-06,-3.4926480739329024,-2.3382290345144052,-0.39352929289576677,-0.9410625509252202,2.6645062437964606,-2.0602075146520793,-0.19807497035082555,-2.10437708410548,-1.604756787817374,1.2875220891518824,-0.6726440522965893,-3.461005986891841,-2.9908974949555356,-0.8968384735251411,-0.4258312843309686,-2.8279700410749564,-4.389558687351203,-0.8737180087532548,0.8988300664805049,-6.907896078359399
2022-05-09,-6.09524136497861,-13.530063894058465,-9.833185705000158,-0.6000041961669922,-6.702210016859844,-3.0011764721345147,-5.457893995112817,-6.878763395208454,0.9241959985275772,-2.346187092684704,-2.7765227165226114,-9.655833892910392,-9.182304816042485,-9.236947791164663,-1.3105214184548797,-6.040608653232116,-2.632225168763458,-9.072955218324152,0.7250848783963537,-10.24734875163018
2022-05-10,-8.31642721477085,4.764975772803215,-0.681603168241518,1.3581512533286322,0.9607527656495307,0.6543250385837807,-5.083225491443278,-1.292708627045358,-1.976229721345113,-3.9497154583198135,2.182490442000029,4.074076578333541,-0.8118126110933765,3.8053079340661933,1.3838382039420116,-5.257982708933717,-0.9807604567698358,1.6427173986372612,-1.0078113421104873,4.330713982930723
2022-05-11,-11.725663133324405,-9.956980907522784,-15.759804964248902,-1.1414369557844362,1.480286665556907,-2.2938347081193355,0.3159569752764879,0.37418113585738766,-2.816325080331894,1.2545458498647744,-2.681200944061768,2.3385820167181492,-5.431544382648779,-5.48450927187173,-2.0681097824975625,-1.3316368308538773,-4.546034071180561,-8.254584750899363,-0.5194265415581212,-12.452835858440903
2022-05-12,4.761900209216785,2.525603063944093,-26.942096622943968,3.8905603190864113,0.9499895911793121,-0.8554334509178196,0.08661465382013844,-0.6523736981411843,2.3784320008352067,1.6443547965463656,0.023344200573793827,-0.049668762792054455,3.0684527313314947,-2.7360210272165175,-0.4223503132745665,0.15354973709909014,-1.1706761671593569,-0.8174386920980936,0.3759404786138232,9.913794210847326
2022-05-13,1.6746453238300596,14.780287920743707,7.5268791067623075,0.21744419887670396,1.9185163466174826,2.8952203462228265,3.2098196927570655,3.6585398583981465,2.188545094569827,0.5267210227086094,1.774039026205032,8.449298134599847,9.236641243602929,9.465222601912672,0.6220766168938408,3.566534162394608,6.111187050178701,5.712915776850114,0.2496856605406883,10.588234744132441
2022-05-16,6.588240230784703,-2.552207307999743,-5.555555555555558,0.9402106893741102,3.0618928570649517,-2.0031691877385516,-2.119062983125186,2.6244339986182474,-0.013515030600563804,1.0703537503383487,-1.192652892809276,0.9165937934769719,1.677147198326856,-2.4963279283241935,-2.0514249290928266,-2.4152753845725905,-1.4968923985371863,-5.875859894267277,1.7849742733587748,-2.4822671950315622
2022-05-17,8.830013245125134,1.3095311350836525,3.5294102687461804,2.316697505249876,0.5895637852416868,3.2895979030553413,0.18689372130733517,3.439148010588311,1.675739766986295,2.4735217122750397,3.064066013740696,7.8110775549419476,14.295525379829478,5.288464385478875,3.1128936988161104,0.5189632941148936,2.704440995305335,5.141017778952928,-0.20391983472964892,8.000001040371973
2022-05-18,-6.8965453872096845,-7.755585270248433,-2.9924205287647276,-1.6573274555176876,-3.4304437525591314,-3.9948420124017003,-2.6117319396537053,-4.262574761402549,-5.2400793791632765,-3.9242558845091424,-4.617123831770487,-1.3900586642276558,-4.810578938259358,-6.816305825177116,-4.98051521766012,-5.059573208402757,-3.222570150249804,-6.801379812405905,-0.102164361388557,-4.040408175814514
2022-05-19,1.9607771842881094,-0.0636957261358373,5.388516703934809,-0.26109804785837687,-0.7140288978189524,-1.1121798927788529,1.8995907383084765,-1.5137945641071293,0.9046977895033947,-2.467277507943888,-0.8028339193345113,2.477573376704534,5.2432086399640365,1.0981228933358622,-1.8448053878938109,0.158957954778427,5.312255063370541,-0.054946344765349764,0.4295338251059988,3.1579001964736397
2022-05-20,-6.196580608764169,-4.525175635024636,2.8158585969871197,-0.023803274920286555,0.5753366357159395,-0.6980814669031221,2.6866201799669476,0.45207265066522506,-0.19808427330920697,-0.9100785911169473,-0.8569312307488808,0.04168498948413646,-1.3205241018574565,-2.511097240025184,2.3717128821255207,0.0,-0.9104304563031351,-6.416503565259535,0.875764396209533,-5.4421796842397345
2022-05-23,6.605921883209209,1.3351186184989317,14.702702427769566,2.0709421122163896,2.323914745725042,3.329431481227374,1.8459176630659435,1.4401512694040663,-0.40391505701736774,2.09371305328403,0.8403324400927614,-2.2083361943562863,-2.6764021883460276,1.2219918870846058,2.054500536992454,0.6348163452065236,0.7946354387550647,1.656875974618055,0.2826557502499938,-0.7194237817389371
2022-05-24,-5.769230573291761,-5.401848695740452,-4.995287956013172,0.4430938012505381,0.53575481155681,-4.006430520461235,2.3292394478997336,-0.887314795101346,0.6607749734306223,2.0050353888280803,-0.7857186453683052,-7.2858932019638445,-8.562499284744263,-4.402889471841631,-1.4420361550945615,-0.3320065693340535,-3.1165296498965045,-6.925477786152134,2.0334249516077874,-9.057971045791135
2022-05-25,7.4829917261721945,1.3927630064145324,1.8518500998046639,1.4627375727400915,1.6044973831406573,1.643868351747324,0.8929233529264113,2.4171844426606137,1.9623484415759451,0.44095390465903606,1.271904529117851,2.9411736347271455,0.06835426386611054,5.082336916607977,1.1589208545629281,-0.04164144819731597,1.8690415666672733,4.877740696379518,1.104975078766568,1.9920299803290353
2022-05-26,3.797474976107851,4.532965854333981,15.974032810112915,0.9839823745276588,0.6727054621435746,2.2758071136012026,-0.7689610231767507,1.1363646784029235,3.1474571665525586,1.8602574680810502,3.0331724079516675,7.94643177213723,9.494537641569977,5.16052695542617,2.6206527038079575,1.9411829165631556,0.3744326161747136,7.427139280876505,-0.48790006208189185,6.250003492459744
2022-05-27,7.92682643166478,10.315378587079515,4.5912635319225625,0.067978197531815,0.9570204861279796,3.5129240252168126,3.4505456922057087,0.6914427468986295,1.865854477077189,1.738625826155471,2.46090088796993,0.41356650209933843,3.3686773864493924,5.377853565027135,1.5629291933454192,4.004577886104044,5.9562310676314345,7.333308725975907,0.8040789055028696,9.558823078252043
2022-05-31,2.824860583499622,-5.1220998419138635,0.5085616263516446,0.27173671263451826,-2.0305110735775234,1.0245177000627548,-1.3567933315498548,0.08583887733291107,-1.8511287081811711,-0.3087584701505941,-0.29180936103605504,3.2537025775836392,4.948700723756527,-0.7389290229856904,-1.1816441670457922,0.17287538661803215,0.0,-0.18035031638842236,-0.2140089632024167,3.6912716238849397
2022-06-01,1.2820544170753179,-2.6365352683482612,6.125164537395067,-0.7904211467249067,0.9504200316637679,-1.1318362661782655,-1.5402206124285,2.401369953991339,-1.8364979549442606,0.4249469558143426,-0.6978783686904189,1.5556417805978384,1.0350794220437276,-1.8851779399360113,-0.4449384079133534,-1.270789695577712,-3.203844333847128,-2.3593509374135735,0.21446794382540268,-9.385112294768083
2022-06-02,5.063286118408583,3.2237265804092585,0.3262260303464215,-0.295927765108428,-0.18149234966302608,1.5386026812091114,0.6766535646546723,0.5862701085311839,2.92068797889411,0.5163890543818273,1.6549524646005453,3.731346414379222,7.285149168343885,6.943232223031526,2.150839313333175,2.923877846762535,7.080499636521531,4.677391724570246,-0.2140089632024167,15.357145502859272
2022-06-03,0.8605884892822102,-1.249218028768917,4.327162486354452,-1.9862989658425256,0.9090943769975102,-1.9843100235735656,-2.804068628272638,-1.33222185148123,-0.2582824590621202,0.7349260250825607,-3.2337215834192357,-0.7572917989208228,-4.084882982393001,-4.450796908023502,-1.8457731547536271,-1.5130396454080541,-2.0267220580982848,-9.219356413810488,-0.9358540332780829,-8.66872971319943
2022-06-06,-4.778160468068549,3.1625492286849965,-0.023971042322379343,-1.5140962526397628,-0.4335609493234638,-0.772979066940549,0.31228950240964615,0.08438206654537428,-0.39005243746011997,1.2041452721529122,-0.11523216815826354,10.911868409968339,6.084072932032658,0.35256606456668393,1.643683368334603,0.22730906988963628,0.3235857890291127,1.6047245054920278,0.8462906781219193,-0.33898272208872093
2022-06-07,-3.046596391009204,2.636421332040406,-3.4532432015829673,0.8278200069148145,1.9057824364030918,-0.03709627640553492,0.25942542081840436,3.7942729845367174,-0.6976292515626814,-0.0699930711772101,0.43839092302735416,2.2359808233709755,2.45046561979283,0.7452325625124212,-0.38371765741102015,1.4154922110906076,2.050453668191188,0.2545949052501051,0.8001558040237278,0.6802714468455484
2022-06-08,0.554532544445463,4.599763848815397,-2.508689427820965,0.49260867748306403,0.5160976416872076,-0.4174826735453663,-1.781745158357606,-0.40617537798930403,-1.4050403912706178,-1.3657353725408106,-5.283710777760097,0.807536260642916,3.7150104651805016,-1.4688781887270186,-1.8021806905898052,-3.7862402143949425,-1.219092726385218,1.2474538520938605,-0.19361526788775896,4.3918876468569845
2022-06-09,-5.147062626161336,-0.6853274566808065,-0.22929975181628093,-1.540615884830332,-1.9930439535333577,-3.7637352561625814,0.2785059090619768,-1.7944556518892818,0.7831097979447588,-2.0379145635675444,-2.959013422867851,-1.5687561005236383,-7.654560992060921,-3.2175032912197365,-3.026052277707836,-2.0838330881413736,-3.885271903645915,-0.8930513625661662,-1.1833183693105043,-4.854364437391167
2022-06-10,-4.651158492543972,-8.970670044249617,-12.155256231053757,-1.3039336962571313,-1.1942374520917287,-3.7754127886374222,-1.396187204104682,-3.322255978385491,-3.5416513159421292,-1.2829836085264779,-2.0744765088148487,1.4920330195748122,-3.6131791509156685,-5.950792602294042,-3.0049144674568096,-4.035360873426741,-5.718698756021379,-3.1190890015686534,-0.23556916984651677,-5.10204396081696
2022-06-13,-8.333330102729331,-10.044220848079743,-3.750002495078042,-3.4350234650150635,-4.600907837084844,-3.7122760410074562,-3.1820952236250144,-4.982817067000944,-2.1020560010871714,-0.7930110960379322,-3.598774467660848,-2.9401973242314194,-11.852258494325895,-7.817841312014895,-4.602318090528668,-7.514498225111521,-7.036572025618604,-7.102151644972321,-2.4203060795405684,-2.5089582150498058
2022-06-14,-1.3303861767558045,5.547752630272651,0.9060683525531354,-0.8955238893513906,0.13147745072354944,-1.5567839076609746,-2.0522099418845086,-2.1699883877653425,-1.585672473621258,0.4514844257241579,0.42361621782618375,10.912227424772002,16.697936926281987,1.2078988783176259,10.41373591123078,2.056629485066175,-1.7091727012568447,2.388708520053351,-0.86711091722661,-0.7352934086817808
2022-06-15,8.7640530345811,1.5968112379003863,2.274763020066506,0.7279139418088221,-1.9635980214847026,1.7618297720315645,3.500034512032024,-0.9242091554147236,0.38037733072009416,0.9873241422327705,1.8982367912210973,0.8379902158109909,7.770636520881591,4.363477920861847,-1.4423137087875681,4.003246456875109,4.650845693019323,5.482369509223606,-0.020338327022451086,8.88888908511818
2022-06-16,-4.338843626578981,-5.304521253009353,-3.8337653754524137,-5.532023826600385,-5.345183899255201,-1.6687510637825476,-2.807721494478521,-5.503732629583391,-2.241454003859622,-1.014153957688646,-3.389395398636341,-2.123737783194879,-4.624566270261898,-5.6029585080418665,-1.420370024556361,-2.8673173406617236,-6.066198553403246,-8.540774278545237,-0.6307250532388897,-4.421772513971412
2022-06-17,1.7278600805329614,9.958503295881282,1.3998754593076423,2.1102591408086235,-4.566497967473893,0.06363763191619132,1.4923013191406653,-2.961502342997957,-0.9983107416276171,-0.479099215196388,-0.9908916185666472,4.245290318262129,8.289885960840282,1.788352440971086,-1.4408352160686477,-1.2791844471459868,2.344515078255638,1.7175100443552749,0.38902257599382484,4.626338686410336
2022-06-21,0.2123089588893512,3.0188651179395176,1.7106833734838345,-0.5941605468251843,4.185194265212933,-1.1129907389465954,0.7548349443065705,5.595118972569679,-0.5651382252461645,2.095987069696692,2.0557162467920165,7.843132290933319,9.099659836271057,4.319899545666672,-0.05906809628809517,1.8122508054901232,-0.7270216299086529,9.35442475766337,3.304105215001729,-1.7006786171138821
2022-06-22,-5.720338833225891,0.6715544321579392,2.6261416514521407,1.0914812594568168,-4.346983232999813,0.22510352922260335,3.2386404840420324,-3.660887381997735,-0.08172407530722126,-0.5585812392947753,-0.9276397518353852,2.9370608029665624,-0.4854395899924313,-1.2435093040293888,-1.699174823719618,2.7589875910302375,0.8290706803233183,-0.4007784512445767,0.27640549936984726,0.6920408373887188
2022-06-23,0.0,11.15827882430056,4.3128236131304565,0.5398433836383054,-3.6789089207009407,0.8556182371741272,3.2882351835235912,-2.1000003814697243,2.394230864141633,0.9921218209697047,0.08025355387821786,6.63044155432746,2.2172949752399918,-0.8251870740526912,1.653387185185684,2.4077592251347424,1.1511529722330716,-0.43063108899484837,2.5595574200179216,8.934707312527014
2022-06-24,1.3483240941218666,-2.6186554513595417,1.626240828113179,1.1761674182917403,1.6429205343051256,3.6903452968384487,1.5807989401037892,3.166500723438448,2.752155327395811,2.6148476259379105,3.2077005288265514,3.9500488551485358,4.468549764589325,5.55315532008378,4.539405322346157,3.678956827395208,5.243195873986917,4.524889345059324,-2.1693243709063337,-0.9463713144399533
2022-06-27,-7.5388056614841155,-0.6722735947836345,-3.6886375094940638,0.6570688355715948,1.9341044202002777,-1.196561856772127,-1.1167168715261688,0.3960392113094846,-0.10953977335468323,0.5209105349018861,0.05180123659027647,-4.069624442641784,-4.692687559579889,-1.5006377133377158,-0.4101743969594618,-1.9414286030795425,-2.239956046516123,-0.320162981223604,0.0,-7.006370103829774
2022-06-28,-4.076740364116049,-3.0456797637942845,-6.167273247605232,-1.7574710789836745,1.6060140947072643,-0.7142143018807889,-1.9599289190573743,1.9723846399752665,-4.435957563628756,-0.6582650009226865,-2.2003682767690713,-5.264506304778993,-2.570806679626114,-5.258162895734408,-2.59906509852873,-1.039846942450784,-5.425339233773318,-5.004357755259292,-0.9811617130745742,-6.849316522537741
2022-06-29,-4.000002145767212,-3.4322288205806406,2.4609835004038016,0.5111187259905892,-1.9741274280850485,-0.281481076126433,-5.321043521568914,-1.5473872828915214,1.377013253655135,-0.8106540896211323,-1.2969769179506874,2.7245809132593113,-2.2361358960273248,-2.753102836710153,0.9186311411451209,-0.5464034388713679,-0.487327312180863,-1.7937247964037395,0.9512476237520051,-4.411769217479556
2022-06-30,2.343754026029976,-0.42168489888926297,-7.293496823767242,-0.22883332925967004,-1.49680025322656,-1.3068478620586355,1.9073785526463771,-1.9646439778372882,0.14605247147034817,0.3411240882925437,0.3217992194652908,0.6039903654856404,-0.6404450735960854,-2.464291517293282,0.9536247230748085,-0.5578531369574091,-2.280684000240829,-1.7579162192339903,-0.37298514297439134,0.0
